{
  "cpuTime": 28.202451705932617,
  "envs": {
    "bytes": 983531664,
    "elements": 72245440,
    "number": 50696018
  },
  "gc": {
    "cycles": 2,
    "heapSize": 4295229440,
    "totalBytes": 5629702304
  },
  "list": {
    "bytes": 129969656,
    "concats": 2559105,
    "elements": 16246207
  },
  "maxWaiting": 0,
  "nrAvoided": 57526228,
  "nrExprs": 4039376,
  "nrFunctionCalls": 44838256,
  "nrLookups": 25330390,
  "nrOpUpdateValuesCopied": 89654014,
  "nrOpUpdates": 3992522,
  "nrPrimOpCalls": 22566569,
  "nrSpuriousWakeups": 0,
  "nrThunks": 63760682,
  "nrThunksAwaited": 0,
  "nrThunksAwaitedSlow": 0,
  "sets": {
    "bytes": 2535264248,
    "elements": 140846864,
    "number": 11738101
  },
  "sizes": {
    "Attr": 16,
    "Bindings": 24,
    "Env": 8,
    "Value": 16
  },
  "symbols": {
    "bytes": 5383536,
    "number": 140322
  },
  "time": {
    "cpu": 28.202451705932617,
    "gc": 0.28700000000000003,
    "gcFraction": 0.010176420227310494
  },
  "values": {
    "bytes": 1417843792,
    "number": 88615237
  },
  "waitingTime": 0.0
}
