{
  "cpuTime": 30.0771541595459,
  "envs": {
    "bytes": 983649152,
    "elements": 72254018,
    "number": 50702126
  },
  "gc": {
    "cycles": 2,
    "heapSize": 4295229440,
    "totalBytes": 5630149104
  },
  "list": {
    "bytes": 129985520,
    "concats": 2559376,
    "elements": 16248190
  },
  "maxWaiting": 0,
  "nrAvoided": 57532726,
  "nrExprs": 4039376,
  "nrFunctionCalls": 44843464,
  "nrLookups": 25334027,
  "nrOpUpdateValuesCopied": 89654694,
  "nrOpUpdates": 3992799,
  "nrPrimOpCalls": 22569057,
  "nrSpuriousWakeups": 0,
  "nrThunks": 63768675,
  "nrThunksAwaited": 0,
  "nrThunksAwaitedSlow": 0,
  "sets": {
    "bytes": 2535391056,
    "elements": 140852223,
    "number": 11739812
  },
  "sizes": {
    "Attr": 16,
    "Bindings": 24,
    "Env": 8,
    "Value": 16
  },
  "symbols": {
    "bytes": 5383536,
    "number": 140322
  },
  "time": {
    "cpu": 30.0771541595459,
    "gc": 0.302,
    "gcFraction": 0.01004084357176961
  },
  "values": {
    "bytes": 1418002336,
    "number": 88625146
  },
  "waitingTime": 0.0
}
